<?xml version="1.0" encoding="UTF-8" ?>
<!DOCTYPE  mapper PUBLIC "-//mybatis.org//DTD Mapper 3.0//EN" "http://mybatis.org/dtd/mybatis-3-mapper.dtd" >
<mapper namespace="org.durcframework.autocode.dao.DataSourceConfigDao">

	<resultMap id="queryResultMap" type="org.durcframework.autocode.entity.DataSourceConfig">
		<result column="dc_id" property="dcId" jdbcType="INTEGER" />
		<result column="db_name" property="dbName" jdbcType="VARCHAR" />
		<result column="driver_class" property="driverClass" jdbcType="VARCHAR" />
		<result column="ip" property="ip" jdbcType="VARCHAR" />
		<result column="port" property="port" jdbcType="INTEGER" />
		<result column="username" property="username" jdbcType="VARCHAR" />
		<result column="password" property="password" jdbcType="VARCHAR" />
		<result column="back_user" property="backUser" jdbcType="VARCHAR" />
	</resultMap>

	<select id="find" parameterType="org.durcframework.core.expression.ExpressionQuery"
		resultMap="queryResultMap">
		SELECT *
		FROM `datasource_config` t
		<include refid="expressionBlock.where" />
		<choose>
			<when test="sortname == null">
				ORDER BY dc_id desc
			</when>
			<otherwise>
				ORDER BY #{sortname,jdbcType=VARCHAR} ${sortorder}
			</otherwise>
		</choose>
		<if test="!isQueryAll">
			LIMIT
			#{firstResult,jdbcType=INTEGER},#{pageSize,jdbcType=INTEGER}
		</if>
	</select>

	<select id="findTotalCount" parameterType="org.durcframework.core.expression.ExpressionQuery"
		resultType="java.lang.Integer">
		SELECT count(*) FROM `datasource_config` t
		<include refid="expressionBlock.where" />
	</select>
	
	<insert id="save" parameterType="org.durcframework.autocode.entity.DataSourceConfig" keyProperty="dcId" keyColumn="dc_id" useGeneratedKeys="true">
		INSERT INTO `datasource_config`
        (
         `db_name`,
         `driver_class`,
         `ip`,
         `port`,
         `username`,
         `password`,
         `back_user`
         )
		VALUES (
        #{dbName,jdbcType=VARCHAR},
        #{driverClass,jdbcType=VARCHAR},
        #{ip,jdbcType=VARCHAR},
        #{port,jdbcType=INTEGER},
        #{username,jdbcType=VARCHAR},
        #{password,jdbcType=VARCHAR},
        #{backUser,jdbcType=VARCHAR}
        )
	</insert>
	
	<update id="update" parameterType="org.durcframework.autocode.entity.DataSourceConfig">
		UPDATE `datasource_config`
		SET 
		  `db_name` = #{dbName,jdbcType=VARCHAR},
		  `driver_class` = #{driverClass,jdbcType=VARCHAR},
		  `ip` = #{ip,jdbcType=VARCHAR},
		  `port` = #{port,jdbcType=INTEGER},
		  `username` = #{username,jdbcType=VARCHAR},
		  `password` = #{password,jdbcType=VARCHAR},
		  `back_user` = #{backUser,jdbcType=VARCHAR}
		WHERE `dc_id` = #{dcId,jdbcType=INTEGER}
	</update>
	
	<select id="get" resultMap="queryResultMap" parameterType="java.io.Serializable">
		SELECT *
		FROM `datasource_config`
		WHERE dc_id = #{dcId,jdbcType=INTEGER}
	</select>
	
	<delete id="del" parameterType="org.durcframework.autocode.entity.DataSourceConfig">
		DELETE FROM `datasource_config`
		WHERE dc_id = #{dcId,jdbcType=INTEGER}
	</delete>
	
</mapper>