<?xml version="1.0" encoding="UTF-8" ?>
<!DOCTYPE  mapper PUBLIC "-//mybatis.org//DTD Mapper 3.0//EN" "http://mybatis.org/dtd/mybatis-3-mapper.dtd" >
<mapper namespace="com.gecko.chargectl.dao.ChargeCtlDao">
    <resultMap id="queryResultMap" type="com.gecko.chargectl.entity.ChargeCtl">
                <result column="c_id" property="id" jdbcType="INTEGER" />
                <result column="c_serNo" property="serno" jdbcType="VARCHAR" />
                <result column="c_state" property="state" jdbcType="VARCHAR" />
                <result column="c_conroller_Id" property="conrollerId" jdbcType="VARCHAR" />
                <result column="c_station_id" property="stationId" jdbcType="VARCHAR" />
                <result column="c_lock_num" property="lockNum" jdbcType="INTEGER" />
                <result column="c_add_time" property="addTime" jdbcType="TIMESTAMP" />
                <result column="c_last_ka" property="lastKa" jdbcType="TIMESTAMP" />
            </resultMap>

    <select id="find" parameterType="org.durcframework.core.expression.ExpressionQuery"
		resultMap="queryResultMap">
		SELECT 
                         c_id
                , c_serNo
                , c_state
                , c_conroller_Id
                , c_station_id
                , c_lock_num
                , c_add_time
                , c_last_ka
        		FROM t_charge_ctl t
		<include refid="expressionBlock.where" />
		<choose>
			<when test="sortname == null">
				ORDER BY t.c_id desc
			</when>
			<otherwise>
				ORDER BY ${order}
			</otherwise>
		</choose>
		<if test="!isQueryAll">
			LIMIT
			#{start,jdbcType=INTEGER},#{limit,jdbcType=INTEGER}
		</if>
	</select>


    <select id="findTotalCount" parameterType="org.durcframework.core.expression.ExpressionQuery"
		resultType="java.lang.Integer">
		SELECT count(*) FROM t_charge_ctl t
		<include refid="expressionBlock.where" />
    </select>

    <insert id="save" parameterType="com.gecko.chargectl.entity.ChargeCtl"
    >
	INSERT INTO t_charge_ctl
         (
                              `c_id`
                                        , `c_serNo`
                                        , `c_state`
                                        , `c_conroller_Id`
                                        , `c_station_id`
                                        , `c_lock_num`
                                        , `c_add_time`
                                        , `c_last_ka`
                              )
	VALUES (
                              #{id,jdbcType=INTEGER}
                                        , #{serno,jdbcType=VARCHAR}
                                        , #{state,jdbcType=VARCHAR}
                                        , #{conrollerId,jdbcType=VARCHAR}
                                        , #{stationId,jdbcType=VARCHAR}
                                        , #{lockNum,jdbcType=INTEGER}
                                        , #{addTime,jdbcType=TIMESTAMP}
                                        , #{lastKa,jdbcType=TIMESTAMP}
                     
        )
	</insert>


    <update id="update" parameterType="com.gecko.chargectl.entity.ChargeCtl">
    UPDATE t_charge_ctl
    SET 
                                                 c_serNo=#{serno,jdbcType=VARCHAR}
                                     , c_state=#{state,jdbcType=VARCHAR}
                                     , c_conroller_Id=#{conrollerId,jdbcType=VARCHAR}
                                     , c_station_id=#{stationId,jdbcType=VARCHAR}
                                     , c_lock_num=#{lockNum,jdbcType=INTEGER}
                                     , c_add_time=#{addTime,jdbcType=TIMESTAMP}
                                     , c_last_ka=#{lastKa,jdbcType=TIMESTAMP}
                     WHERE c_id = #{id,jdbcType=INTEGER}
    </update>

    <select id="get" resultMap="queryResultMap" parameterType="com.gecko.chargectl.entity.ChargeCtl">
		SELECT 
                         c_id
                , c_serNo
                , c_state
                , c_conroller_Id
                , c_station_id
                , c_lock_num
                , c_add_time
                , c_last_ka
        		FROM t_charge_ctl t
		WHERE c_id = #{id,jdbcType=INTEGER}
	</select>
	
	<delete id="del" parameterType="com.gecko.chargectl.entity.ChargeCtl">
		DELETE FROM t_charge_ctl
		WHERE c_id = #{id,jdbcType=INTEGER}
	</delete>

</mapper>