<?xml version="1.0" encoding="UTF-8" ?>
<!DOCTYPE  mapper PUBLIC "-//mybatis.org//DTD Mapper 3.0//EN" "http://mybatis.org/dtd/mybatis-3-mapper.dtd" >
<mapper namespace="com.chinal.emp.dao.EmployeeDao">
    <resultMap id="queryResultMap" type="com.chinal.emp.entity.Employee">
                <result column="id" property="id" jdbcType="INTEGER" />
                <result column="name" property="name" jdbcType="VARCHAR" />
                <result column="role" property="role" jdbcType="INTEGER" />
                <result column="password" property="password" jdbcType="VARCHAR" />
            </resultMap>

    <select id="find" parameterType="org.durcframework.core.expression.ExpressionQuery"
		resultMap="queryResultMap">
		SELECT 
                         id
                , name
                , role
                , password
        		FROM employee t
		<include refid="expressionBlock.where" />
		<choose>
			<when test="sortname == null">
				ORDER BY t.id desc
			</when>
			<otherwise>
				ORDER BY ${order}
			</otherwise>
		</choose>
		<if test="!isQueryAll">
			LIMIT
			#{start,jdbcType=INTEGER},#{limit,jdbcType=INTEGER}
		</if>
	</select>


    <select id="findTotalCount" parameterType="org.durcframework.core.expression.ExpressionQuery"
		resultType="java.lang.Integer">
		SELECT count(*) FROM employee t
		<include refid="expressionBlock.where" />
    </select>

    <insert id="save" parameterType="com.chinal.emp.entity.Employee"
    keyProperty="id" keyColumn="id" useGeneratedKeys="true"
    >
	INSERT INTO employee
         (
                                                  `name`
                                        , `role`
                                        , `password`
                              )
	VALUES (
                                                  #{name,jdbcType=VARCHAR}
                                        , #{role,jdbcType=INTEGER}
                                        , #{password,jdbcType=VARCHAR}
                     
        )
	</insert>


    <update id="update" parameterType="com.chinal.emp.entity.Employee">
    UPDATE employee
    SET 
                                                 name=#{name,jdbcType=VARCHAR}
                                     , role=#{role,jdbcType=INTEGER}
                                     , password=#{password,jdbcType=VARCHAR}
                     WHERE id = #{id,jdbcType=INTEGER}
    </update>

    <select id="get" resultMap="queryResultMap" parameterType="com.chinal.emp.entity.Employee">
		SELECT 
                         id
                , name
                , role
                , password
        		FROM employee t
		WHERE id = #{id,jdbcType=INTEGER}
	</select>
	
	<delete id="del" parameterType="com.chinal.emp.entity.Employee">
		DELETE FROM employee
		WHERE id = #{id,jdbcType=INTEGER}
	</delete>

</mapper>