<?xml version="1.0" encoding="UTF-8"?>
<beans xmlns="http://www.springframework.org/schema/beans"
	xmlns:xsi="http://www.w3.org/2001/XMLSchema-instance" 
	xmlns:context="http://www.springframework.org/schema/context"
	xmlns:mvc="http://www.springframework.org/schema/mvc"
	xmlns:aop="http://www.springframework.org/schema/aop"
	xsi:schemaLocation="http://www.springframework.org/schema/beans
						http://www.springframework.org/schema/beans/spring-beans-3.2.xsd
						http://www.springframework.org/schema/context 
						http://www.springframework.org/schema/context/spring-context-3.2.xsd
						http://www.springframework.org/schema/mvc
						http://www.springframework.org/schema/mvc/spring-mvc-3.2.xsd
						http://www.springframework.org/schema/aop 
						http://www.springframework.org/schema/aop/spring-aop-3.2.xsd">

	
	<mvc:annotation-driven>
	    <!-- 强化参数接收 -->
		<mvc:argument-resolvers>
			<bean class="org.durcframework.core.form.FormModelMethodArgumentResolver" />
		</mvc:argument-resolvers>
	</mvc:annotation-driven>
	
	<!-- 扫描controller 
		use-default-filters="false"只扫描@Controller
	-->
	<context:component-scan base-package="app"
		use-default-filters="false">
		<context:include-filter expression="org.springframework.stereotype.Controller"
			type="annotation" />
	</context:component-scan>
	
	<!-- 对模型视图名称的解析，即在模型视图名称添加前后缀,在requestmapping输入的地址后自动调用该类进行视图解析 -->
	<bean id="viewResolver"
		class="org.springframework.web.servlet.view.InternalResourceViewResolver">
		<property name="order" value="2" />
		<property name="viewClass"
			value="org.springframework.web.servlet.view.JstlView" />
		<property name="prefix" value="/WEB-INF/jsp/" />
		<property name="suffix" value=".jsp" />
	</bean>
	 
</beans>
