<?xml version="1.0" encoding="UTF-8" ?>
<!DOCTYPE  mapper PUBLIC "-//mybatis.org//DTD Mapper 3.0//EN" "http://mybatis.org/dtd/mybatis-3-mapper.dtd" >
<mapper namespace="com.gecko.chargerecord.dao.ChargeRecordDao">
    <resultMap id="queryResultMap" type="com.gecko.chargerecord.entity.ChargeRecord">
                <result column="c_id" property="id" jdbcType="INTEGER" />
                <result column="c_ser_no" property="serNo" jdbcType="VARCHAR" />
                <result column="c_state" property="state" jdbcType="VARCHAR" />
                <result column="c_point_id" property="pointId" jdbcType="VARCHAR" />
                <result column="c_charge_quantity" property="chargeQuantity" jdbcType="FLOAT" />
                <result column="c_cost" property="cost" jdbcType="FLOAT" />
                <result column="c_start_time" property="startTime" jdbcType="TIMESTAMP" />
                <result column="c_end_time" property="endTime" jdbcType="TIMESTAMP" />
            </resultMap>

    <select id="find" parameterType="org.durcframework.core.expression.ExpressionQuery"
		resultMap="queryResultMap">
		SELECT 
                         c_id
                , c_ser_no
                , c_state
                , c_point_id
                , c_charge_quantity
                , c_cost
                , c_start_time
                , c_end_time
        		FROM t_charge_record t
		<include refid="expressionBlock.where" />
		<choose>
			<when test="sortname == null">
				ORDER BY t.c_id desc
			</when>
			<otherwise>
				ORDER BY ${order}
			</otherwise>
		</choose>
		<if test="!isQueryAll">
			LIMIT
			#{start,jdbcType=INTEGER},#{limit,jdbcType=INTEGER}
		</if>
	</select>


    <select id="findTotalCount" parameterType="org.durcframework.core.expression.ExpressionQuery"
		resultType="java.lang.Integer">
		SELECT count(*) FROM t_charge_record t
		<include refid="expressionBlock.where" />
    </select>

    <insert id="save" parameterType="com.gecko.chargerecord.entity.ChargeRecord"
    >
	INSERT INTO t_charge_record
         (
                              `c_id`
                                        , `c_ser_no`
                                        , `c_state`
                                        , `c_point_id`
                                        , `c_charge_quantity`
                                        , `c_cost`
                                        , `c_start_time`
                                        , `c_end_time`
                              )
	VALUES (
                              #{id,jdbcType=INTEGER}
                                        , #{serNo,jdbcType=VARCHAR}
                                        , #{state,jdbcType=VARCHAR}
                                        , #{pointId,jdbcType=VARCHAR}
                                        , #{chargeQuantity,jdbcType=FLOAT}
                                        , #{cost,jdbcType=FLOAT}
                                        , #{startTime,jdbcType=TIMESTAMP}
                                        , #{endTime,jdbcType=TIMESTAMP}
                     
        )
	</insert>


    <update id="update" parameterType="com.gecko.chargerecord.entity.ChargeRecord">
    UPDATE t_charge_record
    SET 
                                                 c_ser_no=#{serNo,jdbcType=VARCHAR}
                                     , c_state=#{state,jdbcType=VARCHAR}
                                     , c_point_id=#{pointId,jdbcType=VARCHAR}
                                     , c_charge_quantity=#{chargeQuantity,jdbcType=FLOAT}
                                     , c_cost=#{cost,jdbcType=FLOAT}
                                     , c_start_time=#{startTime,jdbcType=TIMESTAMP}
                                     , c_end_time=#{endTime,jdbcType=TIMESTAMP}
                     WHERE c_id = #{id,jdbcType=INTEGER}
    </update>

    <select id="get" resultMap="queryResultMap" parameterType="com.gecko.chargerecord.entity.ChargeRecord">
		SELECT 
                         c_id
                , c_ser_no
                , c_state
                , c_point_id
                , c_charge_quantity
                , c_cost
                , c_start_time
                , c_end_time
        		FROM t_charge_record t
		WHERE c_id = #{id,jdbcType=INTEGER}
	</select>
	
	<delete id="del" parameterType="com.gecko.chargerecord.entity.ChargeRecord">
		DELETE FROM t_charge_record
		WHERE c_id = #{id,jdbcType=INTEGER}
	</delete>

</mapper>